{
    "pytorch": {
        "preprocess_time_sec_gpu": 0.013259172439575195,
        "inference_time_sec_gpu": 2.564333200454712,
        "postprocess_time_sec_gpu": 0.7351963520050049
    }
}